Workbook

Sheet Sheet4
A1: Age | B1: 30
A3: Row Labels | B3: Sum of TreatmentCost
A4: Amanda Richardson | B4: 2951
A5: Nancy Mcmahon | B5: 4332
A6: Shawn Burke | B6: 6064
A7: Shawna Webb | B7: 5462
A8: Grand Total | B8: 18809

Sheet Sheet5
A3: Row Labels | B3: Sum of DiagnosisID
A4: Adriana Rogers | B4: 6
A5: Alexander Bradshaw | B5: 3
A6: Alexander Rodgers | B6: 10
A7: Amanda Mason | B7: 1
A8: Amanda Richardson | B8: 3
A9: Amanda Rivera | B9: 10
A10: Andrew Hawkins | B10: 1
A11: Angela Schneider | B11: 8
A12: Ann Adams | B12: 4
A13: Anthony Frederick | B13: 1
A14: Anthony Marshall | B14: 6
A15: Anthony Rodriguez | B15: 9
... A204: Grand Total | B204: 1049

Sheet Patients
A1: PatientID | B1: Name | C1: Age | D1: Gender | E1: DiagnosisID | F1: AdmissionDate | G1: DischargeDate | H1: OutcomeID | I1: TreatmentCost | J1: DiagnosisName | K1: OutcomeName | L1: Length of stay | M1: Testname | N1: Abnormal Test range | O1: Risk Score
A2: 1 | B2: Edward Montes | C2: 68 | D2: M | E2: 2 | F2: 45738 | G2: 45751 | H2: 1 | I2: 4443 | J2: =VLOOKUP(Patients!E2,Diagnosis!$A$2:$B$11,2,0) -> Diabetes | K2: =VLOOKUP(Patients!H2,Outcomes!$A$2:$B$4,2,0) -> Recovered | L2: =DATEDIF(F2,G2,"d") -> 13 | M2: =VLOOKUP(A2,Labs!A2:C201,3,0) -> Blood Pressure | N2: =IF(VLOOKUP(Patients!A2,Labs!A2:D201,4,0) >120,"High","normal") -> normal | O2: =IF(OR(C2>65,H2>1),"High Risk","Low Risk") -> High Risk
A3: 2 | B3: Jessica Zimmerman | C3: 81 | D3: M | E3: 2 | F3: 45747 | G3: 45749 | H3: 2 | I3: 4265 | J3: =VLOOKUP(Patients!E3,Diagnosis!$A$2:$B$11,2,0) -> Diabetes | K3: =VLOOKUP(Patients!H3,Outcomes!$A$2:$B$4,2,0) -> Complicated | L3: =DATEDIF(F3,G3,"d") -> 2 | M3: =VLOOKUP(A3,Labs!A3:C202,3,0) -> Cholesterol | N3: =IF(VLOOKUP(Patients!A3,Labs!A3:D202,4,0) >120,"High","normal") -> High | O3: =IF(OR(C3>65,H3>1),"High Risk","Low Risk") -> High Risk
A4: 3 | B4: Gina Alexander | C4: 58 | D4: M | E4: 6 | F4: 45665 | G4: 45729 | H4: 1 | I4: 4188 | J4: =VLOOKUP(Patients!E4,Diagnosis!$A$2:$B$11,2,0) -> COPD | K4: =VLOOKUP(Patients!H4,Outcomes!$A$2:$B$4,2,0) -> Recovered | L4: =DATEDIF(F4,G4,"d") -> 64 | M4: =VLOOKUP(A4,Labs!A4:C203,3,0) -> Blood Pressure | N4: =IF(VLOOKUP(Patients!A4,Labs!A4:D203,4,0) >120,"High","normal") -> High | O4: =IF(OR(C4>65,H4>1),"High Risk","Low Risk") -> Low Risk
A5: 4 | B5: Lori Green | C5: 44 | D5: F | E5: 3 | F5: 45750 | G5: 45752 | H5: 1 | I5: 9783 | J5: =VLOOKUP(Patients!E5,Diagnosis!$A$2:$B$11,2,0) -> Heart Disease | K5: =VLOOKUP(Patients!H5,Outcomes!$A$2:$B$4,2,0) -> Recovered | L5: =DATEDIF(F5,G5,"d") -> 2 | M5: =VLOOKUP(A5,Labs!A5:C204,3,0) -> Cholesterol | N5: =IF(VLOOKUP(Patients!A5,Labs!A5:D204,4,0) >120,"High","normal") -> normal | O5: =IF(OR(C5>65,H5>1),"High Risk","Low Risk") -> Low Risk
A6: 5 | B6: Jack Logan | C6: 72 | D6: F | E6: 9 | F6: 45811 | G6: 45812 | H6: 1 | I6: 5005 | J6: =VLOOKUP(Patients!E6,Diagnosis!$A$2:$B$11,2,0) -> Kidney Disease | K6: =VLOOKUP(Patients!H6,Outcomes!$A$2:$B$4,2,0) -> Recovered | L6: =DATEDIF(F6,G6,"d") -> 1 | M6: =VLOOKUP(A6,Labs!A6:C205,3,0) -> Blood Sugar | N6: =IF(VLOOKUP(Patients!A6,Labs!A6:D205,4,0) >120,"High","normal") -> High | O6: =IF(OR(C6>65,H6>1),"High Risk","Low Risk") -> High Risk
A7: 6 | B7: Melinda Robinson | C7: 37 | D7: F | E7: 4 | F7: 45747 | G7: 45752 | H7: 1 | I7: 5281 | J7: =VLOOKUP(Patients!E7,Diagnosis!$A$2:$B$11,2,0) -> Asthma | K7: =VLOOKUP(Patients!H7,Outcomes!$A$2:$B$4,2,0) -> Recovered | L7: =DATEDIF(F7,G7,"d") -> 5 | M7: =VLOOKUP(A7,Labs!A7:C206,3,0) -> Creatinine | N7: =IF(VLOOKUP(Patients!A7,Labs!A7:D206,4,0) >120,"High","normal") -> normal | O7: =IF(OR(C7>65,H7>1),"High Risk","Low Risk") -> Low Risk
A8: 7 | B8: Sherry Robinson | C8: 50 | D8: F | E8: 1 | F8: 45819 | G8: 45843 | H8: 2 | I8: 2984 | J8: =VLOOKUP(Patients!E8,Diagnosis!$A$2:$B$11,2,0) -> Hypertension | K8: =VLOOKUP(Patients!H8,Outcomes!$A$2:$B$4,2,0) -> Complicated | L8: =DATEDIF(F8,G8,"d") -> 24 | M8: =VLOOKUP(A8,Labs!A8:C207,3,0) -> Blood Pressure | N8: =IF(VLOOKUP(Patients!A8,Labs!A8:D207,4,0) >120,"High","normal") -> High | O8: =IF(OR(C8>65,H8>1),"High Risk","Low Risk") -> High Risk
A9: 8 | B9: James Watts | C9: 68 | D9: M | E9: 4 | F9: 45772 | G9: 45827 | H9: 1 | I9: 9136 | J9: =VLOOKUP(Patients!E9,Diagnosis!$A$2:$B$11,2,0) -> Asthma | K9: =VLOOKUP(Patients!H9,Outcomes!$A$2:$B$4,2,0) -> Recovered | L9: =DATEDIF(F9,G9,"d") -> 55 | M9: =VLOOKUP(A9,Labs!A9:C208,3,0) -> Hemoglobin | N9: =IF(VLOOKUP(Patients!A9,Labs!A9:D208,4,0) >120,"High","normal") -> High | O9: =IF(OR(C9>65,H9>1),"High Risk","Low Risk") -> High Risk
A10: 9 | B10: Jeanne Butler | C10: 87 | D10: F | E10: 1 | F10: 45762 | G10: 45764 | H10: 2 | I10: 9790 | J10: =VLOOKUP(Patients!E10,Diagnosis!$A$2:$B$11,2,0) -> Hypertension | K10: =VLOOKUP(Patients!H10,Outcomes!$A$2:$B$4,2,0) -> Complicated | L10: =DATEDIF(F10,G10,"d") -> 2 | M10: =VLOOKUP(A10,Labs!A10:C209,3,0) -> Hemoglobin | N10: =IF(VLOOKUP(Patients!A10,Labs!A10:D209,4,0) >120,"High","normal") -> normal | O10: =IF(OR(C10>65,H10>1),"High Risk","Low Risk") -> High Risk
A11: 10 | B11: Benjamin Rogers | C11: 48 | D11: M | E11: 5 | F11: 45792 | G11: 45796 | H11: 2 | I11: 3639 | J11: =VLOOKUP(Patients!E11,Diagnosis!$A$2:$B$11,2,0) -> Stroke | K11: =VLOOKUP(Patients!H11,Outcomes!$A$2:$B$4,2,0) -> Complicated | L11: =DATEDIF(F11,G11,"d") -> 4 | M11: =VLOOKUP(A11,Labs!A11:C210,3,0) -> Vitamin D | N11: =IF(VLOOKUP(Patients!A11,Labs!A11:D210,4,0) >120,"High","normal") -> High | O11: =IF(OR(C11>65,H11>1),"High Risk","Low Risk") -> High Risk
A12: 11 | B12: Carol Sanchez | C12: 52 | D12: M | E12: 4 | F12: 45715 | G12: 45765 | H12: 3 | I12: 2827 | J12: =VLOOKUP(Patients!E12,Diagnosis!$A$2:$B$11,2,0) -> Asthma | K12: =VLOOKUP(Patients!H12,Outcomes!$A$2:$B$4,2,0) -> Deceased | L12: =DATEDIF(F12,G12,"d") -> 50 | M12: =VLOOKUP(A12,Labs!A12:C211,3,0) -> Cholesterol | N12: =IF(VLOOKUP(Patients!A12,Labs!A12:D211,4,0) >120,"High","normal") -> High | O12: =IF(OR(C12>65,H12>1),"High Risk","Low Risk") -> High Risk
A13: 12 | B13: Stacy Clark | C13: 40 | D13: F | E13: 8 | F13: 45771 | G13: 45795 | H13: 2 | I13: 4730 | J13: =VLOOKUP(Patients!E13,Diagnosis!$A$2:$B$11,2,0) -> Arthritis | K13: =VLOOKUP(Patients!H13,Outcomes!$A$2:$B$4,2,0) -> Complicated | L13: =DATEDIF(F13,G13,"d") -> 24 | M13: =VLOOKUP(A13,Labs!A13:C212,3,0) -> Blood Pressure | N13: =IF(VLOOKUP(Patients!A13,Labs!A13:D212,4,0) >120,"High","normal") -> High | O13: =IF(OR(C13>65,H13>1),"High Risk","Low Risk") -> High Risk
... A21: 20 | B21: Jorge Castillo | C21: 51 | D21: M | E21: 7 | F21: 45758 | G21: 45847 | H21: 3 | I21: 5876 | J21: =VLOOKUP(Patients!E21,Diagnosis!$A$2:$B$11,2,0) -> Cancer | K21: =VLOOKUP(Patients!H21,Outcomes!$A$2:$B$4,2,0) -> Deceased | L21: =DATEDIF(F21,G21,"d") -> 89 | M21: =VLOOKUP(A21,Labs!A21:C220,3,0) -> Creatinine | N21: =IF(VLOOKUP(Patients!A21,Labs!A21:D220,4,0) >120,"High","normal") -> High | O21: =IF(OR(C21>65,H21>1),"High Risk","Low Risk") -> High Risk
A22: 21 | B22: Nicholas Wilcox | C22: 82 | D22: F | E22: 6 | F22: 45809 | G22: 45819 | H22: 3 | I22: 7959 | J22: =VLOOKUP(Patients!E22,Diagnosis!$A$2:$B$11,2,0) -> COPD | K22: complicated | L22: =DATEDIF(F22,G22,"d") -> 10 | M22: =VLOOKUP(A22,Labs!A22:C221,3,0) -> Blood Sugar | N22: =IF(VLOOKUP(Patients!A22,Labs!A22:D221,4,0) >120,"High","normal") -> High | O22: =IF(OR(C22>65,H22>1),"High Risk","Low Risk") -> High Risk
A23: 22 | B23: Toni Gomez | C23: 31 | D23: F | E23: 6 | F23: 45834 | G23: 45841 | H23: 3 | I23: 2126 | J23: =VLOOKUP(Patients!E23,Diagnosis!$A$2:$B$11,2,0) -> COPD | K23: =VLOOKUP(Patients!H23,Outcomes!$A$2:$B$4,2,0) -> Deceased | L23: =DATEDIF(F23,G23,"d") -> 7 | M23: =VLOOKUP(A23,Labs!A23:C222,3,0) -> Vitamin D | N23: =IF(VLOOKUP(Patients!A23,Labs!A23:D222,4,0) >120,"High","normal") -> normal | O23: =IF(OR(C23>65,H23>1),"High Risk","Low Risk") -> High Risk
A24: 23 | B24: Emily King | C24: 53 | D24: M | E24: 6 | F24: 45756 | G24: 45831 | H24: 3 | I24: 5177 | J24: =VLOOKUP(Patients!E24,Diagnosis!$A$2:$B$11,2,0) -> COPD | K24: =VLOOKUP(Patients!H24,Outcomes!$A$2:$B$4,2,0) -> Deceased | L24: =DATEDIF(F24,G24,"d") -> 75 | M24: =VLOOKUP(A24,Labs!A24:C223,3,0) -> Cholesterol | N24: =IF(VLOOKUP(Patients!A24,Labs!A24:D223,4,0) >120,"High","normal") -> High | O24: =IF(OR(C24>65,H24>1),"High Risk","Low Risk") -> High Risk
A25: 24 | B25: Jordan Harris | C25: 73 | D25: F | E25: 3 | F25: 45693 | G25: 45749 | H25: 1 | I25: 5056 | J25: =VLOOKUP(Patients!E25,Diagnosis!$A$2:$B$11,2,0) -> Heart Disease | K25: =VLOOKUP(Patients!H25,Outcomes!$A$2:$B$4,2,0) -> Recovered | L25: =DATEDIF(F25,G25,"d") -> 56 | M25: =VLOOKUP(A25,Labs!A25:C224,3,0) -> Blood Sugar | N25: =IF(VLOOKUP(Patients!A25,Labs!A25:D224,4,0) >120,"High","normal") -> High | O25: =IF(OR(C25>65,H25>1),"High Risk","Low Risk") -> High Risk
A26: 25 | B26: Adriana Rogers | C26: 59 | D26: M | E26: 6 | F26: 45753 | G26: 45811 | H26: 3 | I26: 2603 | J26: =VLOOKUP(Patients!E26,Diagnosis!$A$2:$B$11,2,0) -> COPD | K26: =VLOOKUP(Patients!H26,Outcomes!$A$2:$B$4,2,0) -> Deceased | L26: =DATEDIF(F26,G26,"d") -> 58 | M26: =VLOOKUP(A26,Labs!A26:C225,3,0) -> Vitamin D | N26: =IF(VLOOKUP(Patients!A26,Labs!A26:D225,4,0) >120,"High","normal") -> High | O26: =IF(OR(C26>65,H26>1),"High Risk","Low Risk") -> High Risk
A27: 26 | B27: Samuel Thompson | C27: 67 | D27: M | E27: 8 | F27: 45809 | G27: 45810 | H27: 2 | I27: 9966 | J27: =VLOOKUP(Patients!E27,Diagnosis!$A$2:$B$11,2,0) -> Arthritis | K27: =VLOOKUP(Patients!H27,Outcomes!$A$2:$B$4,2,0) -> Complicated | L27: =DATEDIF(F27,G27,"d") -> 1 | M27: =VLOOKUP(A27,Labs!A27:C226,3,0) -> Cholesterol | N27: =IF(VLOOKUP(Patients!A27,Labs!A27:D226,4,0) >120,"High","normal") -> High | O27: =IF(OR(C27>65,H27>1),"High Risk","Low Risk") -> High Risk
A28: 27 | B28: Brenda Huber | C28: 31 | D28: F | E28: 2 | F28: 45808 | G28: 45809 | H28: 2 | I28: 5449 | J28: =VLOOKUP(Patients!E28,Diagnosis!$A$2:$B$11,2,0) -> Diabetes | K28: =VLOOKUP(Patients!H28,Outcomes!$A$2:$B$4,2,0) -> Complicated | L28: =DATEDIF(F28,G28,"d") -> 1 | M28: =VLOOKUP(A28,Labs!A28:C227,3,0) -> Hemoglobin | N28: =IF(VLOOKUP(Patients!A28,Labs!A28:D227,4,0) >120,"High","normal") -> High | O28: =IF(OR(C28>65,H28>1),"High Risk","Low Risk") -> High Risk
A29: 28 | B29: Brett Washington | C29: 89 | D29: M | E29: 5 | F29: 45694 | G29: 45776 | H29: 3 | I29: 8024 | J29: =VLOOKUP(Patients!E29,Diagnosis!$A$2:$B$11,2,0) -> Stroke | K29: =VLOOKUP(Patients!H29,Outcomes!$A$2:$B$4,2,0) -> Deceased | L29: =DATEDIF(F29,G29,"d") -> 82 | M29: =VLOOKUP(A29,Labs!A29:C228,3,0) -> Creatinine | N29: =IF(VLOOKUP(Patients!A29,Labs!A29:D228,4,0) >120,"High","normal") -> High | O29: =IF(OR(C29>65,H29>1),"High Risk","Low Risk") -> High Risk
A30: 29 | B30: Katherine Gonzales | C30: 50 | D30: M | E30: 1 | F30: 45669 | G30: 45671 | H30: 3 | I30: 7109 | J30: =VLOOKUP(Patients!E30,Diagnosis!$A$2:$B$11,2,0) -> Hypertension | K30: =VLOOKUP(Patients!H30,Outcomes!$A$2:$B$4,2,0) -> Deceased | L30: =DATEDIF(F30,G30,"d") -> 2 | M30: =VLOOKUP(A30,Labs!A30:C229,3,0) -> Cholesterol | N30: =IF(VLOOKUP(Patients!A30,Labs!A30:D229,4,0) >120,"High","normal") -> normal | O30: =IF(OR(C30>65,H30>1),"High Risk","Low Risk") -> High Risk
A31: 30 | B31: Jacqueline Bauer | C31: 62 | D31: M | E31: 1 | F31: 45770 | G31: 45774 | H31: 2 | I31: 6146 | J31: =VLOOKUP(Patients!E31,Diagnosis!$A$2:$B$11,2,0) -> Hypertension | K31: =VLOOKUP(Patients!H31,Outcomes!$A$2:$B$4,2,0) -> Complicated | L31: =DATEDIF(F31,G31,"d") -> 4 | M31: =VLOOKUP(A31,Labs!A31:C230,3,0) -> Blood Pressure | N31: =IF(VLOOKUP(Patients!A31,Labs!A31:D230,4,0) >120,"High","normal") -> High | O31: =IF(OR(C31>65,H31>1),"High Risk","Low Risk") -> High Risk
A32: 31 | B32: Brittany Walker | C32: 41 | D32: M | E32: 5 | F32: 45670 | G32: 45839 | H32: 2 | I32: 9196 | J32: =VLOOKUP(Patients!E32,Diagnosis!$A$2:$B$11,2,0) -> Stroke | K32: =VLOOKUP(Patients!H32,Outcomes!$A$2:$B$4,2,0) -> Complicated | L32: =DATEDIF(F32,G32,"d") -> 169 | M32: =VLOOKUP(A32,Labs!A32:C231,3,0) -> Cholesterol | N32: =IF(VLOOKUP(Patients!A32,Labs!A32:D231,4,0) >120,"High","normal") -> High | O32: =IF(OR(C32>65,H32>1),"High Risk","Low Risk") -> High Risk
A33: 32 | B33: Tommy Atkinson | C33: 87 | D33: F | E33: 3 | F33: 45680 | G33: 45684 | H33: 1 | I33: 5533 | J33: =VLOOKUP(Patients!E33,Diagnosis!$A$2:$B$11,2,0) -> Heart Disease | K33: =VLOOKUP(Patients!H33,Outcomes!$A$2:$B$4,2,0) -> Recovered | L33: =DATEDIF(F33,G33,"d") -> 4 | M33: =VLOOKUP(A33,Labs!A33:C232,3,0) -> Cholesterol | N33: =IF(VLOOKUP(Patients!A33,Labs!A33:D232,4,0) >120,"High","normal") -> normal | O33: =IF(OR(C33>65,H33>1),"High Risk","Low Risk") -> High Risk
A34: 33 | B34: Miss Kathryn Mitchell | C34: 51 | D34: M | E34: 4 | F34: 45756 | G34: 45779 | H34: 2 | I34: 5367 | J34: =VLOOKUP(Patients!E34,Diagnosis!$A$2:$B$11,2,0) -> Asthma | K34: =VLOOKUP(Patients!H34,Outcomes!$A$2:$B$4,2,0) -> Complicated | L34: =DATEDIF(F34,G34,"d") -> 23 | M34: =VLOOKUP(A34,Labs!A34:C233,3,0) -> Creatinine | N34: =IF(VLOOKUP(Patients!A34,Labs!A34:D233,4,0) >120,"High","normal") -> High | O34: =IF(OR(C34>65,H34>1),"High Risk","Low Risk") -> High Risk
... A201: 200 | B201: Gregory Bates | C201: 61 | D201: F | E201: 3 | F201: 45668 | G201: 45725 | H201: 3 | I201: 5983 | J201: =VLOOKUP(Patients!E201,Diagnosis!$A$2:$B$11,2,0) -> Heart Disease | K201: =VLOOKUP(Patients!H201,Outcomes!$A$2:$B$4,2,0) -> Deceased | L201: =DATEDIF(F201,G201,"d") -> 57 | M201: =VLOOKUP(A201,Labs!A201:C400,3,0) -> Hemoglobin | N201: =IF(VLOOKUP(Patients!A201,Labs!A201:D400,4,0) >120,"High","normal") -> High | O201: =IF(OR(C201>65,H201>1),"High Risk","Low Risk") -> High Risk

Sheet Diagnosis
A1: DiagnosisID | B1: DiagnosisName | H1: Row Labels | I1: Count of DiagnosisID
A2: 1 | B2: Hypertension | H2: Arthritis | I2: 1
A3: 2 | B3: Diabetes | H3: Asthma | I3: 1
A4: 3 | B4: Heart Disease | H4: Cancer | I4: 1
A5: 4 | B5: Asthma | H5: COPD | I5: 1
A6: 5 | B6: Stroke | H6: Diabetes | I6: 1
A7: 6 | B7: COPD | H7: Heart Disease | I7: 1
A8: 7 | B8: Cancer | H8: Hypertension | I8: 1
A9: 8 | B9: Arthritis | H9: Kidney Disease | I9: 1
A10: 9 | B10: Kidney Disease | H10: Liver Disease | I10: 1
A11: 10 | B11: Liver Disease | H11: Stroke | I11: 1
H12: Grand Total | I12: 10

Sheet Outcomes
A1: OutcomeID | B1: OutcomeName
A2: 1 | B2: Recovered
A3: 2 | B3: Complicated
A4: 3 | B4: Deceased

Sheet Labs
A1: LabID | B1: PatientID | C1: TestName | D1: Result | E1: NormalRange
A2: 1 | B2: 196 | C2: Blood Pressure | D2: 89.7 | E2: 150-200
A3: 2 | B3: 165 | C3: Cholesterol | D3: 270.2 | E3: 13-17
A4: 3 | B4: 182 | C4: Blood Pressure | D4: 268 | E4: 0.6-1.2
A5: 4 | B5: 142 | C5: Cholesterol | D5: 57.3 | E5: 150-200
A6: 5 | B6: 55 | C6: Blood Sugar | D6: 256.5 | E6: 120/80
A7: 6 | B7: 176 | C7: Creatinine | D7: 82.2 | E7: 120/80
A8: 7 | B8: 7 | C8: Blood Pressure | D8: 133.8 | E8: 150-200
A9: 8 | B9: 74 | C9: Hemoglobin | D9: 235.9 | E9: 0.6-1.2
A10: 9 | B10: 7 | C10: Hemoglobin | D10: 90.2 | E10: 20-50
A11: 10 | B11: 161 | C11: Vitamin D | D11: 254.5 | E11: 13-17
A12: 11 | B12: 151 | C12: Cholesterol | D12: 258 | E12: 120/80
A13: 12 | B13: 85 | C13: Blood Pressure | D13: 176.9 | E13: 20-50
... A201: 200 | B201: 116 | C201: Hemoglobin | D201: 268.4 | E201: 150-200
